시군구,단지명,전용면적(㎡),계약년월,계약일,거래금액(만원),층,건축년도
서울특별시 강남구 개포동,개포래미안포레스트,84.83,202211,25,"240,000",33,2020
서울특별시 강남구 개포동,개포래미안포레스트,84.86,202211,29,"240,000",5,2020
서울특별시 강남구 개포동,디에이치아너힐즈,84.3558,202211,26,"250,000",19,2019
서울특별시 강남구 개포동,삼익대청아파트,60,202211,14,"134,000",7,1992
서울특별시 강남구 개포동,성원대치2단지아파트,39.53,202211,15,"102,500",3,1992
서울특별시 강남구 개포동,성원대치2단지아파트,33.18,202211,16,"84,700",13,1992
서울특별시 강남구 논현동,로체샤르캐슬,106.59,202211,10,"139,000",4,2009
서울특별시 강남구 논현동,쌍용,84.87,202211,12,"105,000",3,1996
서울특별시 강남구 논현동,한양수자인어반게이트,20.23,202211,2,"28,000",7,2013
서울특별시 강남구 대치동,"대치우성아파트1동,2동,3동,5동,6동,7동",115.59,202211,22,"260,000",4,1984
서울특별시 강남구 대치동,래미안대치팰리스,94.49,202211,16,"348,000",15,2015
서울특별시 강남구 대치동,래미안대치팰리스,91.93,202211,17,"291,000",20,2015
서울특별시 강남구 대치동,선경1차(1동-7동),136.68,202211,11,"385,000",11,1983
서울특별시 강남구 대치동,선경3차,76.6,202211,3,"210,000",7,1990
서울특별시 강남구 대치동,은마,84.43,202211,1,"235,000",10,1979
서울특별시 강남구 대치동,은마,76.79,202211,5,"191,500",10,1979
서울특별시 강남구 대치동,은마,76.79,202211,8,"177,000",1,1979
서울특별시 강남구 대치동,은마,84.43,202211,16,"220,000",4,1979
서울특별시 강남구 대치동,은마,84.43,202211,21,"215,000",5,1979
서울특별시 강남구 대치동,은마,84.43,202211,22,"226,000",12,1979
서울특별시 강남구 도곡동,대명비발디,82.67,202211,7,"99,500",3,2003
서울특별시 강남구 도곡동,삼성,73.41,202211,9,"144,000",11,1994
서울특별시 강남구 도곡동,삼성래미안,59.96,202211,29,"165,000",1,2001
서울특별시 강남구 도곡동,타워팰리스1,137.24,202211,30,"345,000",28,2002
서울특별시 강남구 수서동,신동아,33.18,202211,12,"80,000",10,1992
서울특별시 강남구 압구정동,신현대11차,183.41,202211,25,"560,000",9,1983
서울특별시 강남구 압구정동,한양5,100.5,202211,30,"268,000",10,1979
서울특별시 강남구 역삼동,리츠빌,93.22,202211,16,"85,000",4,2003
서울특별시 강남구 일원동,상록수,74.54,202211,9,"160,000",1,1993
서울특별시 강남구 일원동,수서,49.68,202211,3,"100,000",10,1992
서울특별시 강남구 일원동,푸른마을아파트101동~111동,84.93,202211,2,"154,000",2,1994
서울특별시 강남구 자곡동,래미안강남힐즈,101.95,202211,6,"184,000",12,2014
서울특별시 강남구 자곡동,래미안강남힐즈,91.96,202211,12,"189,000",3,2014
서울특별시 강남구 자곡동,래미안강남힐즈,91.96,202211,15,"176,000",11,2014
서울특별시 강남구 청담동,청담CJ빌리지,159.94,202211,16,"245,000",4,2004
서울특별시 강동구 고덕동,고덕 아이파크,59.99,202211,22,"100,000",4,2011
서울특별시 강동구 고덕동,고덕그라시움,84.244,202211,6,"139,000",5,2019
서울특별시 강동구 고덕동,고덕그라시움,73.873,202211,7,"90,000",23,2019
서울특별시 강동구 고덕동,고덕그라시움,59.785,202211,12,"104,500",20,2019
서울특별시 강동구 고덕동,고덕그라시움,59.785,202211,12,"107,000",3,2019
서울특별시 강동구 고덕동,고덕그라시움,84.046,202211,20,"140,000",22,2019
서울특별시 강동구 고덕동,고덕그라시움,59.052,202211,20,"112,000",15,2019
서울특별시 강동구 고덕동,고덕그라시움,59.785,202211,22,"102,000",7,2019
서울특별시 강동구 고덕동,고덕센트럴푸르지오,59.09,202211,20,"82,000",17,2020
서울특별시 강동구 고덕동,래미안힐스테이트고덕,84.88,202211,5,"122,600",13,2016
서울특별시 강동구 길동,길동우성,84.75,202211,1,"87,000",15,1994
서울특별시 강동구 길동,다성이즈빌,84.76,202211,1,"65,000",1,2003
서울특별시 강동구 둔촌동,둔촌푸르지오,59.98,202211,16,"85,000",16,2010
서울특별시 강동구 둔촌동,둔촌푸르지오,84.9,202211,27,"110,000",13,2010
서울특별시 강동구 상일동,고덕롯데캐슬베네루체,84.146,202211,8,"108,500",28,2019
서울특별시 강동구 상일동,고덕롯데캐슬베네루체,84.923,202211,10,"100,000",1,2019
서울특별시 강동구 상일동,고덕롯데캐슬베네루체,84.923,202211,11,"110,000",19,2019
서울특별시 강동구 상일동,고덕롯데캐슬베네루체,59.981,202211,19,"92,500",4,2019
서울특별시 강동구 상일동,고덕롯데캐슬베네루체,84.923,202211,24,"109,500",10,2019
서울특별시 강동구 상일동,고덕아르테온,84.97,202211,2,"130,000",10,2020
서울특별시 강동구 상일동,고덕아르테온,59.98,202211,4,"107,000",18,2020
서울특별시 강동구 상일동,고덕아르테온,84.93,202211,13,"129,000",7,2020
서울특별시 강동구 상일동,고덕아르테온,59.98,202211,16,"93,000",2,2020
서울특별시 강동구 상일동,고덕아르테온,59.96,202211,18,"104,000",12,2020
서울특별시 강동구 상일동,고덕아르테온,84.94,202211,18,"131,500",16,2020
서울특별시 강동구 상일동,고덕아르테온,84.93,202211,29,"130,000",25,2020
서울특별시 강동구 상일동,고덕아르테온,84.93,202211,29,"129,300",8,2020
서울특별시 강동구 상일동,고덕자이,84.445,202211,19,"120,500",5,2021
서울특별시 강동구 상일동,고덕자이,84.9712,202211,30,"121,000",23,2021
서울특별시 강동구 상일동,동아,59.25,202211,1,"64,500",17,1997
서울특별시 강동구 성내동,성내동삼성아파트,59.88,202211,15,"85,000",11,1999
서울특별시 강동구 성내동,한양립스,12.33,202211,7,"13,000",7,2014
서울특별시 강동구 암사동,롯데캐슬퍼스트,84.98,202211,23,"100,000",18,2008
서울특별시 강동구 암사동,선사현대아파트,59.64,202211,10,"58,000",5,2000
서울특별시 강동구 암사동,선사현대아파트,59.64,202211,19,"73,000",7,2000
서울특별시 강동구 암사동,선사현대아파트,58.68,202211,19,"57,000",15,2000
서울특별시 강동구 암사동,선사현대아파트,59.64,202211,24,"69,000",6,2000
서울특별시 강동구 암사동,선사현대아파트,59.64,202211,29,"77,000",7,2000
서울특별시 강동구 천호동,현진리버파크,23.26,202211,10,"29,500",4,2017
서울특별시 강북구 미아동,꿈의숲롯데캐슬,84.98,202211,12,"80,000",9,2017
서울특별시 강북구 미아동,벽산라이브파크,114.68,202211,21,"81,000",4,2004
서울특별시 강북구 미아동,에스케이북한산시티,59.98,202211,7,"56,000",24,2004
서울특별시 강북구 미아동,에스케이북한산시티,84.76,202211,12,"69,750",12,2004
서울특별시 강북구 미아동,에스케이북한산시티,59.98,202211,21,"56,000",12,2004
서울특별시 강북구 번동,주공4단지,84.79,202211,24,"60,000",1,1991
서울특별시 강북구 수유동,수유벽산1차,122.58,202211,8,"82,200",14,1993
서울특별시 강북구 수유동,태솔에버빌,60.7,202211,4,"25,000",1,2008
서울특별시 강서구 가양동,가양2단지(성지),49.56,202211,16,"57,890",15,1992
서울특별시 강서구 가양동,동신대아,134.88,202211,1,"138,000",11,1993
서울특별시 강서구 내발산동,마곡수명산파크4단지,84.53,202211,21,"81,000",4,2008
서울특별시 강서구 내발산동,마곡수명산파크4단지,84.96,202211,24,"84,500",10,2008
서울특별시 강서구 내발산동,마곡수명산파크5단지,59.76,202211,1,"70,000",4,2008
서울특별시 강서구 내발산동,마곡수명산파크5단지,59.87,202211,18,"69,500",8,2008
서울특별시 강서구 내발산동,우장산힐스테이트,59.98,202211,9,"86,000",3,2005
서울특별시 강서구 내발산동,우장산힐스테이트,126.65,202211,18,"115,000",16,2005
서울특별시 강서구 등촌동,가양역두산위브,59.98,202211,4,"89,700",19,2022
서울특별시 강서구 등촌동,등촌동아이파크,84.7556,202211,13,"82,000",14,2004
서울특별시 강서구 등촌동,등촌동아이파크,84.9958,202211,28,"70,000",4,2004
서울특별시 강서구 등촌동,등촌동아이파크,84.7556,202211,29,"65,000",16,2004
서울특별시 강서구 등촌동,우성,66.9,202211,5,"63,000",12,1992
서울특별시 강서구 등촌동,주공3,58.14,202211,8,"59,700",10,1995
서울특별시 강서구 등촌동,코오롱오투빌2,59.95,202211,23,"67,000",5,2002
서울특별시 강서구 방화동,동성,84.95,202211,12,"86,500",3,1993
서울특별시 강서구 방화동,마곡푸르지오,59.87,202211,15,"78,000",10,2008
서울특별시 강서구 방화동,방화동동부센트레빌(875번지),84.97,202211,22,"75,000",9,2003
서울특별시 강서구 방화동,신라힐,57.36,202211,22,"22,700",8,2001
서울특별시 강서구 방화동,신세계아파트,64.46,202211,14,"49,000",4,2018
서울특별시 강서구 염창동,e편한세상염창,84.9529,202211,1,"135,000",3,2019
서울특별시 강서구 염창동,대림,84.87,202211,7,"105,000",7,1999
서울특별시 강서구 염창동,동아,84.95,202211,2,"95,000",7,1998
서울특별시 강서구 염창동,동아,114.84,202211,8,"91,000",8,1998
서울특별시 강서구 화곡동,강동,58.86,202211,14,"23,000",2,2002
서울특별시 강서구 화곡동,강서힐스테이트,84.99,202211,1,"118,000",17,2015
서울특별시 강서구 화곡동,대림e편한세상,84.84,202211,14,"69,500",14,1992
서울특별시 강서구 화곡동,로즈힐(1101-3),59.99,202211,8,"18,000",1,2002
서울특별시 강서구 화곡동,삼성다빈치(917-14),14.35,202211,12,"11,000",11,2015
서울특별시 강서구 화곡동,삼성다빈치(917-14),14.35,202211,12,"10,000",7,2015
서울특별시 강서구 화곡동,세림,21.64,202211,1,"19,500",9,2015
서울특별시 강서구 화곡동,신보,59.63,202211,18,"23,500",2,2001
서울특별시 강서구 화곡동,에스타워,29.86,202211,24,"21,500",7,2017
서울특별시 강서구 화곡동,예지보금자리,78.82,202211,21,"34,000",3,2007
서울특별시 강서구 화곡동,우공아파트,26.36,202211,11,"24,000",4,2018
서울특별시 강서구 화곡동,우장산롯데캐슬,117.19,202211,10,"130,000",4,2003
서울특별시 강서구 화곡동,한양아이클래스,13.79,202211,12,"8,700",7,2013
서울특별시 강서구 화곡동,한양아이클래스,13.79,202211,18,"9,200",11,2013
서울특별시 강서구 화곡동,화곡푸르지오,192.22,202211,23,"200,000",8,2002
서울특별시 강서구 화곡동,화곡푸르지오,144.123,202211,30,"112,000",12,2002
서울특별시 관악구 남현동,흥화브라운빌,59.88,202211,15,"67,000",12,2003
서울특별시 관악구 봉천동,e편한세상서울대입구1단지,59.9,202211,10,"90,000",12,2019
서울특별시 관악구 봉천동,관악캠퍼스타워,25.86,202211,15,"14,500",14,1998
서울특별시 관악구 봉천동,관악푸르지오,59.58,202211,10,"81,000",22,2004
서울특별시 관악구 봉천동,미래,66.595,202211,11,"38,500",2,2005
서울특별시 관악구 봉천동,서울대입구아이원(1560-61),84.89,202211,24,"66,000",5,2006
서울특별시 관악구 봉천동,에메랄드104동,83.44,202211,7,"47,000",5,2012
서울특별시 관악구 봉천동,코스모블루,13.09,202211,4,"15,000",9,2012
서울특별시 관악구 봉천동,코스모블루,13.09,202211,20,"12,000",5,2012
서울특별시 관악구 신림동,GS파크뷰,46.1,202211,3,"43,000",5,2013
서울특별시 관악구 신림동,LIG대학마을(건영아파트3차),84.82,202211,11,"83,500",13,1996
서울특별시 관악구 신림동,벽산블루밍,84.95,202211,3,"80,000",10,2005
서울특별시 관악구 신림동,신동아,84.3,202211,3,"53,000",3,1994
서울특별시 관악구 신림동,프라비다트라움,14.05,202211,26,"13,600",11,2013
서울특별시 광진구 광장동,유진스웰,165.327,202211,30,"185,000",3,2011
서울특별시 광진구 구의동,구의현대2단지,84.91,202211,18,"100,000",5,1996
서울특별시 광진구 자양동,우성2,51.57,202211,28,"85,000",12,1989
서울특별시 광진구 자양동,자양호반써밋,40.2673,202211,27,"80,000",10,2021
서울특별시 광진구 자양동,한강극동,84.45,202211,16,"105,000",11,1991
서울특별시 광진구 화양동,씨즈건대힐스,14.23,202211,4,"17,000",4,2017
서울특별시 광진구 화양동,씨즈건대힐스,14.23,202211,25,"15,000",7,2017
서울특별시 구로구 개봉동,현대,114.99,202211,1,"85,000",8,2001
서울특별시 구로구 개봉동,현대,59.94,202211,9,"61,800",4,2001
서울특별시 구로구 개봉동,현대홈타운,59.49,202211,10,"54,000",3,2001
서울특별시 구로구 개봉동,현대홈타운,59.49,202211,21,"52,500",21,2001
서울특별시 구로구 고척동,고척파크푸르지오,84.94,202211,29,"72,000",1,2009
서울특별시 구로구 고척동,삼환로즈빌,84.994,202211,15,"70,000",18,2004
서울특별시 구로구 고척동,"우성,현대아파트",68.7,202211,29,"58,500",10,1987
서울특별시 구로구 구로동,(751-5),53.45,202211,8,"28,000",5,1996
서울특별시 구로구 구로동,(794-17),38.96,202211,8,"23,800",2,1997
서울특별시 구로구 구로동,구로두산,44.64,202211,1,"43,800",19,1998
서울특별시 구로구 구로동,구로두산,44.64,202211,9,"39,500",6,1998
서울특별시 구로구 구로동,구로두산,44.64,202211,23,"41,100",8,1998
서울특별시 구로구 구로동,구로두산,44.64,202211,26,"40,000",6,1998
서울특별시 구로구 구로동,구로오네뜨시티,16.71,202211,3,"18,400",15,2022
서울특별시 구로구 구로동,금호,84.86,202211,29,"54,000",10,1997
서울특별시 구로구 구로동,덕영드림,70.23,202211,9,"57,200",7,2006
서울특별시 구로구 구로동,로제리움2차,14.91,202211,14,"11,500",17,2014
서울특별시 구로구 구로동,로제리움2차,14.04,202211,21,"11,300",18,2014
서울특별시 구로구 구로동,비즈트위트레드,20.54,202211,10,"17,850",4,2016
서울특별시 구로구 구로동,비즈트위트레인보우,15.92,202211,23,"12,200",6,2012
서울특별시 구로구 구로동,비즈트위트블루,16.04,202211,4,"12,500",8,2012
서울특별시 구로구 구로동,주공2,32.39,202211,16,"52,800",9,1987
서울특별시 구로구 구로동,하나세인스톤2차,19.33,202211,25,"14,500",17,2011
서울특별시 구로구 구로동,해담채3,13.39,202211,21,"11,200",11,2014
서울특별시 구로구 신도림동,미성,52.45,202211,12,"74,000",6,1987
서울특별시 구로구 천왕동,천왕이펜하우스6단지,84.97,202211,28,"65,000",7,2011
서울특별시 금천구 가산동,G밸리페트라힐스,13.76,202211,29,"15,000",19,2020
서울특별시 금천구 가산동,G밸리페트라힐스,13.76,202211,29,"14,940",10,2020
서울특별시 금천구 가산동,가산양우내안에애플,12.04,202211,4,"11,000",10,2013
서울특별시 금천구 가산동,가산양우내안에애플,12.04,202211,7,"11,000",9,2013
서울특별시 금천구 독산동,금천롯데캐슬골드파크1차,84.4214,202211,7,"89,900",31,2016
서울특별시 금천구 독산동,금천롯데캐슬골드파크3차,59.968,202211,13,"77,000",28,2018
서울특별시 금천구 독산동,라이프,84.74,202211,14,"54,000",17,1996
서울특별시 금천구 독산동,세심아파트,83.48,202211,27,"37,000",3,2004
서울특별시 금천구 독산동,아이유하임,29.0615,202211,23,"34,550",7,2022
서울특별시 금천구 독산동,아이유하임,29.0615,202211,23,"34,550",7,2022
서울특별시 금천구 독산동,아이유하임,29.0615,202211,23,"33,150",2,2022
서울특별시 금천구 독산동,아이유하임,29.0615,202211,23,"33,150",2,2022
서울특별시 금천구 독산동,아이유하임,29.0615,202211,23,"33,150",2,2022
서울특별시 금천구 독산동,아이유하임,29.0615,202211,23,"33,150",2,2022
서울특별시 금천구 독산동,아이유하임,29.0615,202211,23,"33,150",2,2022
서울특별시 금천구 독산동,아이유하임,29.0615,202211,23,"33,950",2,2022
서울특별시 금천구 독산동,아이유하임,29.0615,202211,23,"33,950",2,2022
서울특별시 금천구 독산동,아이유하임,29.0615,202211,23,"33,950",2,2022
서울특별시 금천구 독산동,아이유하임,29.0615,202211,23,"33,950",2,2022
서울특별시 금천구 독산동,아이유하임,29.0615,202211,23,"33,950",2,2022
서울특별시 금천구 독산동,아이유하임,29.0615,202211,23,"33,950",2,2022
서울특별시 금천구 독산동,아이유하임,29.0615,202211,23,"33,150",2,2022
서울특별시 금천구 독산동,아이유하임,29.0615,202211,23,"34,550",7,2022
서울특별시 금천구 독산동,아이유하임,29.0615,202211,23,"34,250",7,2022
서울특별시 금천구 독산동,아이유하임,29.0615,202211,23,"34,250",7,2022
서울특별시 금천구 독산동,아이유하임,29.0615,202211,23,"34,400",8,2022
서울특별시 금천구 독산동,아이유하임,29.0615,202211,23,"34,400",8,2022
서울특별시 금천구 독산동,아이유하임,29.0615,202211,23,"34,400",8,2022
서울특별시 금천구 독산동,아이유하임,29.0615,202211,23,"34,400",8,2022
서울특별시 금천구 독산동,아이유하임,29.0615,202211,23,"33,950",9,2022
서울특별시 금천구 독산동,아이유하임,29.0615,202211,23,"33,950",9,2022
서울특별시 금천구 독산동,아이유하임,29.0615,202211,23,"34,900",9,2022
서울특별시 금천구 독산동,아이유하임,29.0615,202211,23,"34,900",9,2022
서울특별시 금천구 독산동,아이유하임,29.0615,202211,23,"34,900",9,2022
서울특별시 금천구 독산동,아이유하임,29.0615,202211,23,"34,900",9,2022
서울특별시 금천구 독산동,아이유하임,29.0615,202211,23,"34,250",7,2022
서울특별시 금천구 독산동,아이유하임,29.0615,202211,23,"34,250",7,2022
서울특별시 금천구 독산동,아이유하임,29.0615,202211,23,"34,550",7,2022
서울특별시 금천구 독산동,아이유하임,29.0615,202211,23,"34,550",7,2022
서울특별시 금천구 독산동,아이유하임,29.0615,202211,23,"33,750",8,2022
서울특별시 금천구 독산동,아이유하임,29.0615,202211,23,"33,750",8,2022
서울특별시 금천구 독산동,아이유하임,29.0615,202211,23,"33,750",8,2022
서울특별시 금천구 독산동,아이유하임,29.0615,202211,23,"33,750",8,2022
서울특별시 금천구 독산동,아이유하임,29.0615,202211,23,"33,750",8,2022
서울특별시 금천구 독산동,아이유하임,29.0615,202211,23,"33,750",8,2022
서울특별시 금천구 독산동,아이유하임,29.0615,202211,23,"34,700",8,2022
서울특별시 금천구 독산동,아이유하임,29.0615,202211,23,"34,700",8,2022
서울특별시 금천구 독산동,아이유하임,29.0615,202211,23,"34,700",8,2022
서울특별시 금천구 독산동,아이유하임,29.0615,202211,23,"34,700",8,2022
서울특별시 금천구 독산동,아이유하임,29.0615,202211,23,"34,700",8,2022
서울특별시 금천구 독산동,아이유하임,29.0615,202211,23,"34,900",9,2022
서울특별시 금천구 독산동,아이유하임,29.0615,202211,23,"34,550",9,2022
서울특별시 금천구 독산동,아이유하임,29.0615,202211,23,"34,550",9,2022
서울특별시 금천구 독산동,아이유하임,29.0615,202211,23,"34,550",9,2022
서울특별시 금천구 독산동,아이유하임,29.0615,202211,23,"34,550",9,2022
서울특별시 금천구 독산동,아이유하임,29.0615,202211,23,"34,700",8,2022
서울특별시 금천구 독산동,아이유하임,29.0615,202211,23,"34,700",8,2022
서울특별시 금천구 독산동,아이유하임,29.0615,202211,23,"33,650",2,2022
서울특별시 금천구 독산동,아이유하임,29.0615,202211,23,"33,950",4,2022
서울특별시 금천구 독산동,아이유하임,29.0615,202211,23,"33,950",4,2022
서울특별시 금천구 독산동,아이유하임,29.0615,202211,23,"33,950",4,2022
서울특별시 금천구 독산동,아이유하임,29.0615,202211,23,"33,600",5,2022
서울특별시 금천구 독산동,아이유하임,29.0615,202211,23,"33,800",3,2022
서울특별시 금천구 독산동,아이유하임,29.0615,202211,23,"33,650",2,2022
서울특별시 금천구 독산동,아이유하임,29.0615,202211,23,"33,650",2,2022
서울특별시 금천구 독산동,아이유하임,29.0615,202211,23,"33,650",2,2022
서울특별시 금천구 독산동,아이유하임,29.0615,202211,23,"33,300",3,2022
서울특별시 금천구 독산동,아이유하임,29.0615,202211,23,"33,300",3,2022
서울특별시 금천구 독산동,아이유하임,29.0615,202211,23,"33,300",3,2022
서울특별시 금천구 독산동,아이유하임,29.0615,202211,23,"33,300",3,2022
서울특별시 금천구 독산동,아이유하임,29.0615,202211,23,"34,100",3,2022
서울특별시 금천구 독산동,아이유하임,29.0615,202211,23,"34,100",3,2022
서울특별시 금천구 독산동,아이유하임,29.0615,202211,23,"34,100",3,2022
서울특별시 금천구 독산동,아이유하임,29.0615,202211,23,"34,100",3,2022
서울특별시 금천구 독산동,아이유하임,29.0615,202211,23,"34,100",3,2022
서울특별시 금천구 독산동,아이유하임,29.0615,202211,23,"33,800",3,2022
서울특별시 금천구 독산동,아이유하임,29.0615,202211,23,"33,800",3,2022
서울특별시 금천구 독산동,아이유하임,29.0615,202211,23,"33,800",3,2022
서울특별시 금천구 독산동,아이유하임,29.0615,202211,23,"34,550",6,2022
서울특별시 금천구 독산동,아이유하임,29.0615,202211,23,"33,600",5,2022
서울특별시 금천구 독산동,아이유하임,29.0615,202211,23,"33,600",5,2022
서울특별시 금천구 독산동,아이유하임,29.0615,202211,23,"33,600",5,2022
서울특별시 금천구 독산동,아이유하임,29.0615,202211,23,"33,600",5,2022
서울특별시 금천구 독산동,아이유하임,29.0615,202211,23,"33,600",5,2022
서울특별시 금천구 독산동,아이유하임,29.0615,202211,23,"34,550",5,2022
서울특별시 금천구 독산동,아이유하임,29.0615,202211,23,"34,550",5,2022
서울특별시 금천구 독산동,아이유하임,29.0615,202211,23,"34,550",5,2022
서울특별시 금천구 독산동,아이유하임,29.0615,202211,23,"34,550",5,2022
서울특별시 금천구 독산동,아이유하임,29.0615,202211,23,"34,550",5,2022
서울특별시 금천구 독산동,아이유하임,29.0615,202211,23,"34,250",5,2022
서울특별시 금천구 독산동,아이유하임,29.0615,202211,23,"34,250",5,2022
서울특별시 금천구 독산동,아이유하임,29.0615,202211,23,"34,250",5,2022
서울특별시 금천구 독산동,아이유하임,29.0615,202211,23,"34,250",5,2022
서울특별시 금천구 독산동,아이유하임,29.0615,202211,23,"34,250",5,2022
서울특별시 금천구 독산동,아이유하임,29.0615,202211,23,"33,600",6,2022
서울특별시 금천구 독산동,아이유하임,29.0615,202211,23,"33,600",6,2022
서울특별시 금천구 독산동,아이유하임,29.0615,202211,23,"33,600",6,2022
서울특별시 금천구 독산동,아이유하임,29.0615,202211,23,"33,600",6,2022
서울특별시 금천구 독산동,아이유하임,29.0615,202211,23,"33,600",6,2022
서울특별시 금천구 독산동,아이유하임,29.0615,202211,23,"34,550",5,2022
서울특별시 금천구 독산동,아이유하임,29.0615,202211,23,"34,550",5,2022
서울특별시 금천구 독산동,아이유하임,29.0615,202211,23,"33,600",6,2022
서울특별시 금천구 독산동,아이유하임,29.0615,202211,23,"34,550",6,2022
서울특별시 금천구 독산동,아이유하임,29.0615,202211,23,"34,550",7,2022
서울특별시 금천구 독산동,아이유하임,29.0615,202211,23,"34,550",7,2022
서울특별시 금천구 독산동,아이유하임,29.0615,202211,23,"34,250",6,2022
서울특별시 금천구 독산동,아이유하임,29.0615,202211,23,"34,250",6,2022
서울특별시 금천구 독산동,아이유하임,29.0615,202211,23,"34,250",6,2022
서울특별시 금천구 독산동,아이유하임,29.0615,202211,23,"34,250",6,2022
서울특별시 금천구 독산동,아이유하임,29.0615,202211,23,"34,250",6,2022
서울특별시 금천구 독산동,아이유하임,29.0615,202211,23,"33,600",7,2022
서울특별시 금천구 독산동,아이유하임,29.0615,202211,23,"33,600",7,2022
서울특별시 금천구 독산동,아이유하임,29.0615,202211,23,"34,550",6,2022
서울특별시 금천구 독산동,아이유하임,29.0615,202211,23,"34,550",6,2022
서울특별시 금천구 독산동,아이유하임,29.0615,202211,23,"34,550",6,2022
서울특별시 금천구 독산동,아이유하임,29.0615,202211,23,"34,550",6,2022
서울특별시 금천구 독산동,아이유하임,29.0615,202211,23,"34,550",6,2022
서울특별시 금천구 독산동,아이유하임,29.0615,202211,23,"33,600",7,2022
서울특별시 금천구 독산동,아이유하임,29.0615,202211,23,"33,600",7,2022
서울특별시 금천구 독산동,아이유하임,29.0615,202211,23,"33,600",7,2022
서울특별시 금천구 독산동,아이유하임,29.0615,202211,23,"33,600",7,2022
서울특별시 금천구 독산동,아이유하임,29.0615,202211,23,"33,450",4,2022
서울특별시 금천구 독산동,아이유하임,29.0615,202211,23,"33,300",3,2022
서울특별시 금천구 독산동,아이유하임,29.0615,202211,23,"33,300",3,2022
서울특별시 금천구 독산동,아이유하임,29.0615,202211,23,"34,100",3,2022
서울특별시 금천구 독산동,아이유하임,29.0615,202211,23,"34,100",3,2022
서울특별시 금천구 독산동,아이유하임,29.0615,202211,23,"33,800",3,2022
서울특별시 금천구 독산동,아이유하임,29.0615,202211,23,"33,450",4,2022
서울특별시 금천구 독산동,아이유하임,29.0615,202211,23,"33,450",4,2022
서울특별시 금천구 독산동,아이유하임,29.0615,202211,23,"33,450",4,2022
서울특별시 금천구 독산동,아이유하임,29.0615,202211,23,"33,450",4,2022
서울특별시 금천구 독산동,아이유하임,29.0615,202211,23,"33,450",4,2022
서울특별시 금천구 독산동,아이유하임,29.0615,202211,23,"34,400",4,2022
서울특별시 금천구 독산동,아이유하임,29.0615,202211,23,"34,400",4,2022
서울특별시 금천구 독산동,아이유하임,29.0615,202211,23,"34,400",4,2022
서울특별시 금천구 독산동,아이유하임,29.0615,202211,23,"34,400",4,2022
서울특별시 금천구 독산동,아이유하임,29.0615,202211,23,"34,400",4,2022
서울특별시 금천구 독산동,아이유하임,29.0615,202211,23,"34,400",4,2022
서울특별시 금천구 독산동,아이유하임,29.0615,202211,23,"34,400",4,2022
서울특별시 금천구 독산동,아이유하임,29.0615,202211,23,"33,950",4,2022
서울특별시 금천구 독산동,아이유하임,29.0615,202211,23,"33,950",4,2022
서울특별시 금천구 독산동,아이유하임,29.0615,202211,23,"33,950",2,2022
서울특별시 금천구 독산동,아이유하임,29.0615,202211,23,"33,650",2,2022
서울특별시 금천구 독산동,진도3차아파트,59.34,202211,28,"45,500",14,1999
서울특별시 금천구 시흥동,관악산벽산타운5,84.97,202211,19,"50,000",12,2004
서울특별시 금천구 시흥동,남서울힐스테이트,113.329,202211,10,"90,000",18,2014
서울특별시 금천구 시흥동,삼익,84.96,202211,26,"57,000",6,1999
서울특별시 노원구 공릉동,동부아파트,59.34,202211,24,"47,500",13,1996
서울특별시 노원구 공릉동,진명비베레,14.1326,202211,5,"9,500",2,2012
서울특별시 노원구 공릉동,테라파크뷰,78.06,202211,29,"99,000",10,2022
서울특별시 노원구 공릉동,풍림아파트A,84.99,202211,10,"83,000",9,2001
서울특별시 노원구 상계동,노원센트럴푸르지오,59.996,202211,14,"72,000",7,2021
서울특별시 노원구 상계동,두산,51.66,202211,30,"40,000",3,1994
서울특별시 노원구 상계동,미도,87.57,202211,15,"87,000",13,1988
서울특별시 노원구 상계동,미라보(성림),60,202211,4,"42,500",14,2006
서울특별시 노원구 상계동,벽산,43.35,202211,8,"38,000",11,1989
서울특별시 노원구 상계동,상계주공10(고층),59.2,202211,6,"55,000",11,1988
서울특별시 노원구 상계동,상계주공10(고층),59.2,202211,6,"55,000",11,1988
서울특별시 노원구 상계동,상계주공10(고층),59.28,202211,8,"60,000",14,1988
서울특별시 노원구 상계동,상계주공11(고층),41.3,202211,18,"40,000",12,1988
서울특별시 노원구 상계동,상계주공11(고층),41.3,202211,30,"40,000",12,1988
서울특별시 노원구 상계동,상계주공14(고층),45.55,202211,19,"39,700",9,1989
서울특별시 노원구 상계동,상계주공3(고층),59.39,202211,21,"70,000",5,1987
서울특별시 노원구 상계동,상계주공3(고층),68.86,202211,29,"69,000",15,1987
서울특별시 노원구 상계동,상계주공4(고층),41.3,202211,21,"45,000",10,1988
서울특별시 노원구 상계동,상계주공6(고층),32.39,202211,7,"42,000",15,1988
서울특별시 노원구 상계동,상계주공6(고층),58.01,202211,16,"57,000",1,1988
서울특별시 노원구 상계동,상계주공6(고층),59.39,202211,23,"51,000",12,1988
서울특별시 노원구 상계동,상계주공7(고층),49.94,202211,3,"61,000",2,1988
서울특별시 노원구 상계동,은빛1단지,39.7,202211,14,"30,000",3,1998
서울특별시 노원구 상계동,포레나노원,59.9428,202211,11,"77,000",28,2020
서울특별시 노원구 월계동,꿈의숲SKVIEW,84.93,202211,17,"80,000",12,2016
서울특별시 노원구 월계동,꿈의숲SKVIEW,84.95,202211,22,"85,000",9,2016
서울특별시 노원구 월계동,삼호3,59.22,202211,19,"70,000",8,1986
서울특별시 노원구 월계동,월계역신도브래뉴,84.5133,202211,28,"60,000",12,2005
서울특별시 노원구 월계동,주공2,44.52,202211,22,"47,000",9,1992
서울특별시 노원구 월계동,청백3,59.4,202211,1,"34,000",8,1998
서울특별시 노원구 월계동,한진한화그랑빌,139.08,202211,5,"97,000",10,2002
서울특별시 노원구 월계동,한진한화그랑빌,84.97,202211,26,"75,000",22,2002
서울특별시 노원구 중계동,LIG건영,59.92,202211,16,"48,000",9,1998
서울특별시 노원구 중계동,건영3,84.9,202211,24,"100,000",10,1995
서울특별시 노원구 중계동,대림벽산(363),141.45,202211,24,"122,000",9,1993
서울특별시 노원구 중계동,상아,51.29,202211,27,"50,800",8,1989
서울특별시 노원구 중계동,신동아(366),115.35,202211,18,"110,000",4,1993
서울특별시 노원구 중계동,주공2,44.52,202211,7,"39,000",8,1992
서울특별시 노원구 중계동,주공2,44.52,202211,28,"35,000",6,1992
서울특별시 노원구 중계동,주공4,59.39,202211,30,"44,500",12,1991
서울특별시 노원구 중계동,주공5,38.64,202211,12,"39,000",5,1992
서울특별시 노원구 중계동,중계그린1단지,39.78,202211,19,"48,000",9,1990
서울특별시 노원구 중계동,청구3,84.77,202211,9,"101,000",6,1996
서울특별시 노원구 중계동,청구3,84.77,202211,24,"104,000",6,1996
서울특별시 노원구 중계동,현대1(4차),84.99,202211,30,"72,100",4,1993
서울특별시 노원구 하계동,하계1청구,84.6,202211,9,"71,000",4,1997
서울특별시 도봉구 도봉동,극동,84.83,202211,16,"49,000",4,1991
서울특별시 도봉구 도봉동,유원도봉,84.93,202211,26,"56,500",11,1990
서울특별시 도봉구 도봉동,한신,84.94,202211,15,"45,500",5,1995
서울특별시 도봉구 방학동,대상타운현대아파트,84.78,202211,23,"86,000",10,2001
서울특별시 도봉구 방학동,대상타운현대아파트,60,202211,28,"55,500",11,2001
서울특별시 도봉구 방학동,방학동삼성래미안2,84.937,202211,29,"82,000",16,2002
서울특별시 도봉구 방학동,방학지음재힐스,21.51,202211,1,"18,000",4,2018
서울특별시 도봉구 방학동,벽산아파트1,52.36,202211,19,"32,000",7,1991
서울특별시 도봉구 방학동,송학휴스테이,55.539,202211,12,"35,000",4,2016
서울특별시 도봉구 방학동,신동아아파트1,70.62,202211,24,"50,000",10,1986
서울특별시 도봉구 방학동,우성아파트1,51.91,202211,17,"42,000",11,1992
서울특별시 도봉구 방학동,우성아파트1,72.87,202211,18,"43,000",12,1992
서울특별시 도봉구 방학동,우성아파트2,84.98,202211,8,"49,800",8,1993
서울특별시 도봉구 방학동,청구아파트,84.97,202211,28,"42,000",3,1994
서울특별시 도봉구 방학동,퍼스티안,13.6794,202211,17,"9,500",7,2013
서울특별시 도봉구 쌍문동,성원하이츠A동,71.22,202211,14,"35,000",4,2004
서울특별시 도봉구 쌍문동,한양2,28.71,202211,3,"27,000",14,1988
서울특별시 도봉구 창동,LIG건영캐스빌,80.1498,202211,25,"55,000",1,2002
서울특별시 도봉구 창동,동도센트리움,79.389,202211,25,"65,000",8,2009
서울특별시 도봉구 창동,동아청솔,59.96,202211,27,"56,500",5,1997
서울특별시 도봉구 창동,북한산아이파크5차,119.1731,202211,8,"108,000",10,2004
서울특별시 도봉구 창동,북한산아이파크5차,101.9176,202211,10,"106,200",7,2004
서울특별시 도봉구 창동,상아1차아파트,69.03,202211,9,"54,700",11,1987
서울특별시 도봉구 창동,창동주공1단지,41.3,202211,26,"41,000",7,1990
서울특별시 도봉구 창동,창동주공2단지,41.3,202211,18,"40,000",9,1990
서울특별시 도봉구 창동,창동주공3단지(해등마을),49.94,202211,18,"55,000",4,1990
서울특별시 도봉구 창동,창동주공3단지(해등마을),49.94,202211,21,"52,000",4,1990
서울특별시 도봉구 창동,창동주공3단지(해등마을),41.3,202211,24,"45,000",1,1990
서울특별시 도봉구 창동,창동주공4단지,41.3,202211,18,"33,200",1,1991
서울특별시 동대문구 답십리동,답십리한화,84.86,202211,1,"85,000",10,2001
서울특별시 동대문구 답십리동,동아,84.72,202211,19,"70,500",13,2001
서울특별시 동대문구 답십리동,래미안미드카운티,84.99,202211,15,"103,000",17,2019
서울특별시 동대문구 답십리동,래미안엘파인아파트,59.95,202211,8,"70,500",14,2011
서울특별시 동대문구 답십리동,래미안위브,84.98,202211,18,"102,000",15,2014
서울특별시 동대문구 답십리동,래미안위브,84.98,202211,19,"102,000",12,2014
서울특별시 동대문구 답십리동,래미안위브,84.98,202211,24,"105,000",15,2014
서울특별시 동대문구 답십리동,청계푸르지오시티,18.92,202211,25,"13,800",3,2015
서울특별시 동대문구 답십리동,한일노벨리아,14.76,202211,3,"13,400",15,2016
서울특별시 동대문구 답십리동,힐스테이트청계,59.94,202211,19,"95,000",10,2018
서울특별시 동대문구 답십리동,힐스테이트청계,84.85,202211,30,"120,000",26,2018
서울특별시 동대문구 용두동,동대문푸르지오시티(도시형생활주택),30.11,202211,26,"37,500",6,2016
서울특별시 동대문구 용두동,용두두산위브,84.99,202211,1,"94,000",18,2009
서울특별시 동대문구 용두동,용두두산위브,84.99,202211,19,"88,000",10,2009
서울특별시 동대문구 이문동,쌍용,59.99,202211,19,"60,000",15,2000
서울특별시 동대문구 장안동,U-포그니,59.15,202211,16,"39,000",5,2016
서울특별시 동대문구 장안동,U-포그니,59.15,202211,18,"36,000",3,2016
서울특별시 동대문구 장안동,래미안장안2차,81.05,202211,8,"89,000",12,2007
서울특별시 동대문구 장안동,장안뉴시티,17.63,202211,17,"10,050",8,2012
서울특별시 동대문구 장안동,장안현대홈타운(336),84.87,202211,7,"77,500",14,2003
서울특별시 동대문구 장안동,장안현대홈타운(336),84.87,202211,10,"80,000",9,2003
서울특별시 동대문구 장안동,장안현대홈타운(336),84.87,202211,14,"78,750",22,2003
서울특별시 동대문구 장안동,장안현대홈타운(336),84.87,202211,21,"75,000",21,2003
서울특별시 동대문구 회기동,베라체캠퍼스,24.011,202211,5,"24,900",9,2013
서울특별시 동대문구 회기동,베라체캠퍼스,24.319,202211,22,"23,300",5,2013
서울특별시 동대문구 회기동,회기힐스테이트,120.31,202211,21,"105,000",10,2011
서울특별시 동대문구 휘경동,동성,25.34,202211,28,"22,800",6,2001
서울특별시 동대문구 휘경동,휘경SK뷰,84.31,202211,5,"105,000",9,2019
서울특별시 동대문구 휘경동,휘경SK뷰,59.65,202211,5,"92,000",17,2019
서울특별시 동작구 노량진동,신동아리버파크,84.88,202211,14,"108,800",10,2001
서울특별시 동작구 대방동,드림빌라트,63.05,202211,25,"44,500",2,2001
서울특별시 동작구 대방동,아데나339,12.68,202211,13,"11,700",6,2012
서울특별시 동작구 대방동,주공2,51.66,202211,23,"75,000",8,1995
서울특별시 동작구 사당동,극동(105),46.75,202211,8,"75,500",13,1993
서울특별시 동작구 사당동,두성,62.46,202211,15,"70,000",3,1992
서울특별시 동작구 사당동,래미안로이파크,84.98,202211,15,"150,000",8,2018
서울특별시 동작구 사당동,사당롯데캐슬골든포레,59.9908,202211,27,"89,500",12,2021
서울특별시 동작구 사당동,사당우성2,84.66,202211,12,"121,500",6,1993
서울특별시 동작구 사당동,사당우성3,59.89,202211,29,"90,000",5,1993
서울특별시 동작구 사당동,사당자이,114.94,202211,10,"115,000",1,1999
서울특별시 동작구 사당동,삼호그린,59.58,202211,9,"70,000",7,1999
서울특별시 동작구 사당동,신동아4,59.89,202211,30,"77,900",1,1993
서울특별시 동작구 상도동,두산위브트레지움2차,84.864,202211,21,"120,000",21,2016
서울특별시 동작구 상도동,포스코더샵,152.222,202211,14,"135,000",9,2007
서울특별시 마포구 대흥동,서희스타힐스,12.85,202211,12,"16,900",16,2014
서울특별시 마포구 대흥동,신촌그랑자이(1단지),84.98,202211,5,"153,500",4,2020
서울특별시 마포구 대흥동,신촌그랑자이(1단지),84.98,202211,26,"141,500",2,2020
서울특별시 마포구 상수동,신구강변연가,152.336,202211,18,"215,000",12,2004
서울특별시 마포구 상암동,상암월드컵파크2단지,59.84,202211,1,"85,000",11,2003
서울특별시 마포구 상암동,상암월드컵파크2단지,59.92,202211,10,"80,000",13,2003
서울특별시 마포구 서교동,메세나폴리스,142.034,202211,28,"250,000",23,2012
서울특별시 마포구 성산동,삼익플라주서교2차,81.09,202211,15,"53,000",6,2007
서울특별시 마포구 성산동,성산시영(선경),50.54,202211,3,"88,000",10,1986
서울특별시 마포구 성산동,성산시영(선경),50.54,202211,9,"88,000",10,1986
서울특별시 마포구 성산동,성산시영(유원),59.43,202211,28,"98,000",7,1986
서울특별시 마포구 성산동,현대하이츠아파트,84.7,202211,18,"82,000",5,2007
서울특별시 마포구 신수동,밤섬경남아너스빌,84.83,202211,28,"98,000",1,2009
서울특별시 마포구 아현동,마포래미안푸르지오3단지,59.9656,202211,29,"113,000",7,2014
서울특별시 마포구 연남동,홍익하이빌,44.46,202211,26,"28,800",4,2004
서울특별시 마포구 염리동,상록,57.88,202211,19,"68,000",13,1997
서울특별시 마포구 염리동,상록,49.8,202211,30,"65,000",14,1997
서울특별시 마포구 염리동,우리파크아파트,22.92,202211,28,"61,000",1,2021
서울특별시 마포구 염리동,우리파크아파트,22.92,202211,29,"61,000",1,2021
서울특별시 마포구 창전동,중앙하이츠101동,57.86,202211,6,"43,000",1,2007
서울특별시 서대문구 남가좌동,DMC에코자이,59.79,202211,20,"85,000",5,2019
서울특별시 서대문구 남가좌동,DMC파크뷰자이1단지,84.974,202211,3,"121,000",23,2015
서울특별시 서대문구 남가좌동,디엠씨엘가,30.36,202211,23,"34,000",3,2017
서울특별시 서대문구 대현동,럭키대현,83.38,202211,11,"89,500",8,1999
서울특별시 서대문구 대현동,신촌자이엘라,25.21,202211,23,"26,500",16,2014
서울특별시 서대문구 북가좌동,DMC래미안e편한세상,84.95,202211,21,"98,000",15,2012
서울특별시 서대문구 북가좌동,DMC현대아파트,84.95,202211,25,"65,000",8,2000
서울특별시 서대문구 북아현동,e편한세상신촌1단지,84.98,202211,2,"148,000",15,2018
서울특별시 서대문구 북아현동,e편한세상신촌1단지,59.85,202211,26,"104,500",7,2018
서울특별시 서대문구 북아현동,e편한세상신촌2단지,59.85,202211,5,"110,000",17,2018
서울특별시 서대문구 북아현동,비버리힐,129.22,202211,11,"91,000",1,2005
서울특별시 서대문구 연희동,연희자이엘라,13.642,202211,20,"15,000",3,2014
서울특별시 서대문구 창천동,연대JK,24,202211,1,"16,650",4,2012
서울특별시 서대문구 창천동,연대JK,24.09,202211,16,"18,500",5,2012
서울특별시 서대문구 홍은동,극동,84.98,202211,8,"59,500",6,1995
서울특별시 서대문구 홍은동,극동,84.98,202211,22,"48,500",7,1995
서울특별시 서대문구 홍은동,홍은동벽산,142.98,202211,11,"88,000",3,1997
서울특별시 서대문구 홍제동,홍제원현대(459-0),84.9,202211,13,"89,000",18,2000
서울특별시 서대문구 홍제동,홍제한양,84.77,202211,12,"78,500",2,1993
서울특별시 서초구 반포동,디에이치반포라클라스,84.9858,202211,18,"340,000",27,2021
서울특별시 서초구 반포동,래미안퍼스티지,59.96,202211,1,"269,000",8,2009
서울특별시 서초구 반포동,래미안퍼스티지,84.93,202211,2,"365,000",27,2009
서울특별시 서초구 반포동,래미안퍼스티지,222.76,202211,28,"840,000",22,2009
서울특별시 서초구 반포동,반포자이,194.515,202211,3,"530,000",17,2009
서울특별시 서초구 반포동,반포자이,132.439,202211,30,"430,000",28,2009
서울특별시 서초구 반포동,에이아이디차관주택,72.51,202211,21,"290,000",4,1974
서울특별시 서초구 방배동,대우(효령),84.91,202211,19,"149,000",10,1992
서울특별시 서초구 방배동,방배대우디오빌,29.6,202211,12,"33,000",21,2005
서울특별시 서초구 방배동,방배아트자이,59.9938,202211,22,"157,500",7,2018
서울특별시 서초구 방배동,방배우성,117.19,202211,4,"173,000",10,1991
서울특별시 서초구 방배동,방배홈타운(479-11),113.67,202211,5,"140,000",7,2002
서울특별시 서초구 서초동,urbanplace,20.998,202211,5,"21,500",8,2014
서울특별시 서초구 서초동,urbanplace,20.334,202211,24,"21,000",3,2014
서울특별시 서초구 서초동,래미안 리더스원,84.94,202211,24,"260,000",29,2020
서울특별시 서초구 서초동,롯데캐슬클래식,74.3,202211,16,"180,000",17,2006
서울특별시 서초구 서초동,밀라텔쉐르빌,32.66,202211,16,"36,000",11,2001
서울특별시 서초구 서초동,상지리츠빌(10),175.22,202211,17,"245,000",7,2005
서울특별시 서초구 서초동,서초동삼성쉐르빌2,35.22,202211,9,"30,000",5,2002
서울특별시 서초구 서초동,서초센트럴IPARK,80.5332,202211,19,"189,000",11,2020
서울특별시 서초구 서초동,서초중흥S-클래스(도시형생활주택),20.68,202211,10,"19,500",2,2013
서울특별시 서초구 서초동,신원아침도시(1434),82.174,202211,18,"108,000",3,2004
서울특별시 서초구 신원동,서초포레스타3단지,114.39,202211,22,"149,800",14,2014
서울특별시 서초구 우면동,계룡리슈빌S,21.5893,202211,7,"18,690",4,2014
서울특별시 서초구 우면동,계룡리슈빌S,21.5893,202211,24,"19,500",3,2014
서울특별시 서초구 우면동,대림,130.89,202211,28,"158,000",6,1995
서울특별시 서초구 우면동,서초네이처힐3단지,84.77,202211,23,"145,000",6,2013
서울특별시 서초구 잠원동,대주피오레아파트,84.98,202211,12,"100,000",2,2002
서울특별시 서초구 잠원동,동아,59.92,202211,4,"170,000",5,2002
서울특별시 서초구 잠원동,래미안신반포팰리스,84.46,202211,3,"258,000",21,2016
서울특별시 서초구 잠원동,신반포12,55.45,202211,9,"148,000",8,1982
서울특별시 성동구 금호동2가,신금호파크자이,59.98,202211,5,"107,000",2,2016
서울특별시 성동구 사근동,한양마이라움,17.99,202211,19,"16,000",3,2018
서울특별시 성동구 성수동2가,성수1차대우아파트,59.49,202211,19,"55,000",18,1999
서울특별시 성동구 옥수동,삼성,84.822,202211,12,"123,800",1,1999
서울특별시 성동구 옥수동,현대,123.51,202211,4,"180,000",9,1990
서울특별시 성동구 응봉동,대림(1차),75.51,202211,4,"95,000",3,1986
서울특별시 성동구 응봉동,대림(1차),75.51,202211,4,"95,000",3,1986
서울특별시 성동구 하왕십리동,상리제나우스,12.84,202211,4,"13,900",9,2013
서울특별시 성동구 행당동,신동아,84.96,202211,22,"93,000",10,1995
서울특별시 성동구 행당동,행당한진타운,84.71,202211,11,"111,000",7,2000
서울특별시 성북구 길음동,길음뉴타운1단지(래미안길음1차),84.96,202211,29,"61,600",9,2003
서울특별시 성북구 길음동,길음뉴타운2단지푸르지오,84.97,202211,17,"76,300",10,2005
서울특별시 성북구 길음동,길음동동부센트레빌(1278-0),59.998,202211,26,"54,000",3,2003
서울특별시 성북구 길음동,길음동동부센트레빌(1278-0),84.844,202211,28,"70,000",20,2003
서울특별시 성북구 길음동,래미안길음센터피스,84.95,202211,19,"122,000",11,2019
서울특별시 성북구 길음동,롯데캐슬골든힐스,84.932,202211,24,"90,000",21,2019
서울특별시 성북구 길음동,롯데캐슬클라시아,59.8745,202211,22,"93,000",13,2022
서울특별시 성북구 돈암동,성일우리미,84.95,202211,24,"59,000",3,2004
서울특별시 성북구 돈암동,한신,84.87,202211,24,"83,000",12,1998
서울특별시 성북구 돈암동,한진(609-1),59.58,202211,15,"51,000",4,1998
서울특별시 성북구 돈암동,한진(609-1),59.58,202211,28,"52,000",16,1998
서울특별시 성북구 보문동2가,광남캐스빌,81.24,202211,15,"50,000",4,2001
서울특별시 성북구 삼선동4가,코오롱,59.94,202211,7,"61,000",11,1999
서울특별시 성북구 안암동5가,(160-16),22.72,202211,28,"11,300",2,2017
서울특별시 성북구 안암동5가,(160-16),22.72,202211,28,"11,300",3,2017
서울특별시 성북구 안암동5가,(160-16),22.72,202211,28,"11,300",2,2017
서울특별시 성북구 안암동5가,(160-16),22.72,202211,28,"11,300",3,2017
서울특별시 성북구 안암동5가,(160-16),22.72,202211,28,"11,300",3,2017
서울특별시 성북구 안암동5가,(160-16),22.72,202211,30,"11,300",3,2017
서울특별시 성북구 안암동5가,(160-16),22.72,202211,30,"11,300",1,2017
서울특별시 성북구 장위동,래미안장위퍼스트하이,84.94,202211,30,"96,000",14,2020
서울특별시 성북구 정릉동,갤럭시더정릉,12.33,202211,4,"18,800",4,2022
서울특별시 성북구 정릉동,갤럭시더정릉,12.85,202211,14,"18,800",5,2022
서울특별시 성북구 정릉동,갤럭시더정릉,12.33,202211,14,"19,300",9,2022
서울특별시 성북구 정릉동,갤럭시더정릉,11.79,202211,15,"18,800",4,2022
서울특별시 성북구 정릉동,갤럭시더정릉,12.33,202211,20,"19,300",10,2022
서울특별시 성북구 정릉동,갤럭시더정릉,12.85,202211,22,"19,300",9,2022
서울특별시 성북구 정릉동,갤럭시더정릉,12,202211,30,"19,300",9,2022
서울특별시 성북구 정릉동,갤럭시더정릉,12,202211,30,"18,800",4,2022
서울특별시 성북구 정릉동,길음뉴타운데시앙,59.42,202211,10,"50,000",5,1999
서울특별시 성북구 정릉동,정릉풍림아이원,114.75,202211,14,"80,000",17,2005
서울특별시 성북구 정릉동,정릉힐스테이트3차,84.97,202211,14,"75,500",5,2008
서울특별시 성북구 정릉동,중앙하이츠빌1단지,84.98,202211,15,"60,000",14,2004
서울특별시 성북구 하월곡동,월곡두산위브,59.855,202211,2,"58,500",4,2003
서울특별시 성북구 하월곡동,월곡래미안루나밸리,84.88,202211,5,"76,000",12,2007
서울특별시 송파구 가락동,가락금호아파트,59.91,202211,12,"100,000",23,1997
서울특별시 송파구 가락동,두산위브,31,202211,3,"27,500",10,2004
서울특별시 송파구 가락동,래미안파크팰리스,114.756,202211,20,"159,000",16,2007
서울특별시 송파구 가락동,헬리오시티,84.99,202211,2,"180,500",22,2018
서울특별시 송파구 가락동,헬리오시티,84.98,202211,4,"185,000",16,2018
서울특별시 송파구 가락동,헬리오시티,84.98,202211,9,"186,000",33,2018
서울특별시 송파구 가락동,헬리오시티,84.99,202211,11,"180,000",10,2018
서울특별시 송파구 가락동,헬리오시티,84.99,202211,11,"168,000",3,2018
서울특별시 송파구 가락동,헬리오시티,84.98,202211,12,"175,000",27,2018
서울특별시 송파구 가락동,헬리오시티,39.1,202211,14,"92,500",7,2018
서울특별시 송파구 가락동,헬리오시티,84.96,202211,19,"167,000",15,2018
서울특별시 송파구 가락동,헬리오시티,84.98,202211,19,"175,000",28,2018
서울특별시 송파구 가락동,헬리오시티,84.98,202211,22,"166,000",17,2018
서울특별시 송파구 가락동,헬리오시티,84.98,202211,23,"175,000",19,2018
서울특별시 송파구 가락동,헬리오시티,84.99,202211,24,"176,000",12,2018
서울특별시 송파구 가락동,헬리오시티,84.98,202211,24,"170,000",17,2018
서울특별시 송파구 문정동,문정시영,39.69,202211,14,"53,000",9,1989
서울특별시 송파구 문정동,올림픽훼밀리타운,117.585,202211,7,"174,000",4,1988
서울특별시 송파구 문정동,올림픽훼밀리타운,117.585,202211,12,"175,000",12,1988
서울특별시 송파구 문정동,올림픽훼밀리타운,84.705,202211,30,"141,000",9,1988
서울특별시 송파구 문정동,파크하비오,84.9942,202211,16,"129,000",17,2016
서울특별시 송파구 방이동,방이금호어울림,84.3,202211,23,"108,000",5,2001
서울특별시 송파구 석촌동,잠실한솔,59.88,202211,29,"83,500",11,2000
서울특별시 송파구 송파동,홍익봄마을,82.7,202211,21,"90,000",7,2004
서울특별시 송파구 신천동,파크리오,84.9,202211,1,"177,000",29,2008
서울특별시 송파구 신천동,파크리오,59.95,202211,18,"148,000",27,2008
서울특별시 송파구 신천동,파크리오,84.9,202211,25,"168,000",21,2008
서울특별시 송파구 신천동,파크리오,84.9,202211,30,"167,000",20,2008
서울특별시 송파구 오금동,송파두산위브,59.9823,202211,8,"86,500",14,2019
서울특별시 송파구 오금동,현대백조,31,202211,10,"52,000",5,1997
서울특별시 송파구 잠실동,레이크팰리스,84.82,202211,25,"178,200",24,2006
서울특별시 송파구 잠실동,리센츠,84.99,202211,10,"209,000",14,2008
서울특별시 송파구 잠실동,리센츠,84.99,202211,12,"204,000",23,2008
서울특별시 송파구 잠실동,리센츠,84.99,202211,14,"197,500",15,2008
서울특별시 송파구 잠실동,리센츠,124.22,202211,24,"295,000",17,2008
서울특별시 송파구 잠실동,잠실엘스,84.88,202211,3,"202,000",26,2008
서울특별시 송파구 잠실동,잠실엘스,59.96,202211,10,"159,500",2,2008
서울특별시 송파구 잠실동,잠실엘스,84.8,202211,12,"198,000",14,2008
서울특별시 송파구 잠실동,잠실엘스,84.97,202211,12,"199,000",24,2008
서울특별시 송파구 잠실동,잠실엘스,84.97,202211,14,"190,000",7,2008
서울특별시 송파구 잠실동,잠실엘스,84.8,202211,25,"193,000",18,2008
서울특별시 송파구 잠실동,잠실엘스,84.8,202211,28,"195,000",17,2008
서울특별시 송파구 잠실동,잠실엘스,84.8,202211,29,"210,000",19,2008
서울특별시 송파구 잠실동,주공아파트 5단지,76.5,202211,25,"199,800",13,1978
서울특별시 송파구 잠실동,트리지움,84.83,202211,12,"185,000",16,2007
서울특별시 송파구 잠실동,트리지움,84.83,202211,14,"183,000",5,2007
서울특별시 송파구 잠실동,트리지움,84.95,202211,28,"179,000",9,2007
서울특별시 송파구 장지동,송파더센트레,51.77,202211,2,"83,000",13,2013
서울특별시 송파구 장지동,송파파인타운3단지,84.93,202211,27,"100,000",8,2008
서울특별시 송파구 장지동,위례24단지(꿈에그린),51.77,202211,16,"85,000",5,2013
서울특별시 송파구 장지동,위례24단지(꿈에그린),51.77,202211,22,"88,000",10,2013
서울특별시 양천구 목동,목동신시가지1,47.52,202211,5,"110,000",10,1985
서울특별시 양천구 목동,월드메르디앙2,84.3,202211,12,"80,000",10,2003
서울특별시 양천구 신월동,목동센트럴아이파크위브1단지,84.97,202211,24,"89,500",6,2020
서울특별시 양천구 신월동,목동센트럴아이파크위브2단지,84.97,202211,20,"92,500",10,2020
서울특별시 양천구 신월동,목동센트럴아이파크위브3단지,52.85,202211,18,"67,000",8,2020
서울특별시 양천구 신월동,목동센트럴아이파크위브4단지,84.98,202211,19,"92,250",16,2020
서울특별시 양천구 신월동,보람쉬움1,58.15,202211,21,"50,000",13,2003
서울특별시 양천구 신월동,새롬,84.83,202211,21,"40,000",1,2002
서울특별시 양천구 신월동,양천벽산블루밍1단지,84.77,202211,12,"65,000",1,2006
서울특별시 양천구 신월동,에이원,51.15,202211,4,"20,800",6,1994
서울특별시 양천구 신월동,훼미리주상복합,100.3,202211,3,"43,000",6,2004
서울특별시 양천구 신정동,목동그린빌라트,119.92,202211,15,"88,000",6,1996
서울특별시 양천구 신정동,목동신시가지10,105.58,202211,9,"172,000",2,1987
서울특별시 양천구 신정동,목동신시가지10,70.2,202211,18,"135,000",10,1987
서울특별시 양천구 신정동,목동신시가지10,105.58,202211,18,"176,000",9,1987
서울특별시 양천구 신정동,목동신시가지10,53.82,202211,26,"101,000",8,1987
서울특별시 양천구 신정동,목동신시가지11,66.24,202211,24,"125,000",4,1988
서울특별시 양천구 신정동,목동신시가지11,51.48,202211,29,"85,000",14,1988
서울특별시 양천구 신정동,푸른마을4,84.88,202211,21,"75,000",8,2002
서울특별시 영등포구 당산동,드림리버빌,117.41,202211,1,"90,000",17,2002
서울특별시 영등포구 당산동,리버뷰,15.05,202211,8,"13,300",13,2015
서울특별시 영등포구 당산동,리버뷰,15.05,202211,8,"13,300",13,2015
서울특별시 영등포구 당산동,리버뷰,18.36,202211,10,"12,000",8,2015
서울특별시 영등포구 당산동3가,당산계룡리슈빌1단지,40.136,202211,19,"61,000",12,2014
서울특별시 영등포구 당산동3가,당산어울림2차,84.8711,202211,10,"100,500",7,2009
서울특별시 영등포구 당산동4가,당산현대5차,84.69,202211,25,"100,000",5,2000
서울특별시 영등포구 대림동,신대림신동아파밀리에,126.3249,202211,30,"68,000",2,2013
서울특별시 영등포구 대림동,쌍용플래티넘S,18.24,202211,2,"7,600",3,2013
서울특별시 영등포구 대림동,쌍용플래티넘S,22.68,202211,3,"17,500",12,2013
서울특별시 영등포구 대림동,우성1,83.59,202211,2,"78,000",1,1985
서울특별시 영등포구 대림동,코오롱,59.94,202211,22,"73,000",22,1998
서울특별시 영등포구 대림동,코오롱,84.93,202211,26,"95,000",4,1998
서울특별시 영등포구 대림동,현대3,43.92,202211,12,"57,500",11,1997
서울특별시 영등포구 문래동3가,문래힐스테이트,84.92,202211,11,"109,000",18,2003
서울특별시 영등포구 문래동5가,문래대림,59.96,202211,23,"60,500",17,2000
서울특별시 영등포구 신길동,건영,95.64,202211,9,"90,000",6,1985
서울특별시 영등포구 신길동,더샵파크프레스티지,84.9,202211,8,"120,000",26,2022
서울특별시 영등포구 신길동,래미안에스티움,84.93,202211,5,"115,000",2,2017
서울특별시 영등포구 신길동,래미안에스티움,59.95,202211,11,"98,000",11,2017
서울특별시 영등포구 신길동,래미안에스티움,84.92,202211,25,"114,000",2,2017
서울특별시 영등포구 신길동,래미안에스티움,59.95,202211,28,"88,000",2,2017
서울특별시 영등포구 신길동,래미안영등포프레비뉴,84.98,202211,4,"123,700",14,2015
서울특별시 영등포구 신길동,래미안영등포프레비뉴,59.99,202211,19,"88,000",6,2015
서울특별시 영등포구 신길동,신길파크자이,84.98,202211,22,"122,000",11,2022
서울특별시 영등포구 신길동,프리가,16.09,202211,14,"13,500",13,2013
서울특별시 영등포구 신길동,한성,84.98,202211,13,"105,000",12,1997
서울특별시 영등포구 신길동,한성,134.33,202211,13,"119,000",2,1997
서울특별시 영등포구 여의도동,대우트럼프월드Ⅰ,178.5,202211,9,"302,000",28,2002
서울특별시 영등포구 여의도동,롯데캐슬엠파이어,182.62,202211,28,"290,000",39,2005
서울특별시 영등포구 영등포동1가,내이처해밀,14.24,202211,12,"12,400",10,2012
서울특별시 영등포구 영등포동1가,내이처해밀,14.24,202211,17,"13,000",12,2012
서울특별시 영등포구 영등포동1가,내이처해밀,14.24,202211,28,"12,390",4,2012
서울특별시 영등포구 영등포동1가,여의도더리브스타일,14.8376,202211,4,"21,500",3,2020
서울특별시 영등포구 영등포동1가,여의도시티아이,12.59,202211,25,"13,300",13,2013
서울특별시 영등포구 영등포동1가,헤렌어반,13.331,202211,11,"12,000",2,2011
서울특별시 영등포구 영등포동1가,헤렌어반,16.505,202211,25,"12,000",3,2011
서울특별시 용산구 문배동,프라임팰리스,13.69,202211,15,"16,500",18,2012
서울특별시 용산구 문배동,프라임팰리스,13.69,202211,19,"16,500",14,2012
서울특별시 용산구 보광동,주미,79.21,202211,5,"149,150",7,1973
서울특별시 용산구 용산동2가,용암한신,72.66,202211,24,"60,000",5,1982
서울특별시 용산구 이촌동,동아그린,43.02,202211,8,"99,000",12,1999
서울특별시 용산구 이촌동,이촌동삼성리버스위트,180.82,202211,23,"375,000",5,2002
서울특별시 용산구 이촌동,이촌코오롱(A),114.69,202211,18,"200,000",6,1999
서울특별시 용산구 한강로1가,용산파크자이,99.85,202211,7,"160,000",6,2005
서울특별시 용산구 한강로2가,한강로대우아이빌,28.22,202211,27,"36,500",15,2004
서울특별시 용산구 한강로3가,센트럴파크,102.8617,202211,7,"290,000",27,2020
서울특별시 용산구 한남동,나인원한남,206.8953,202211,7,"945,000",8,2019
서울특별시 용산구 한남동,장미1,77.39,202211,8,"169,000",1,1976
서울특별시 용산구 한남동,장미1,74.38,202211,17,"176,000",3,1976
서울특별시 용산구 한남동,장미1,74.38,202211,17,"176,000",3,1976
서울특별시 은평구 갈현동,역촌맨션,65.78,202211,22,"26,600",3,1973
서울특별시 은평구 갈현동,역촌맨션,53.2,202211,22,"19,600",3,1973
서울특별시 은평구 갈현동,역촌맨션,65.78,202211,30,"34,415",5,1973
서울특별시 은평구 갈현동,역촌맨션,65.78,202211,30,"36,300",2,1973
서울특별시 은평구 갈현동,역촌맨션,53.2,202211,30,"29,200",4,1973
서울특별시 은평구 갈현동,역촌맨션,53.2,202211,30,"29,200",2,1973
서울특별시 은평구 갈현동,역촌맨션,53.2,202211,30,"27,980",6,1973
서울특별시 은평구 갈현동,역촌맨션,66.43,202211,30,"35,500",1,1973
서울특별시 은평구 갈현동,역촌맨션,65.78,202211,30,"36,400",2,1973
서울특별시 은평구 구산동,경남아너스빌,84.69,202211,23,"52,000",8,2004
서울특별시 은평구 녹번동,북한산푸르지오,84.99,202211,16,"87,000",5,2015
서울특별시 은평구 대조동,북한산포레스트,29.02,202211,23,"36,500",4,2021
서울특별시 은평구 불광동,정익제이원5차,16.07,202211,18,"23,300",7,2016
서울특별시 은평구 수색동,DMC롯데캐슬더퍼스트,39.83,202211,4,"50,000",1,2021
서울특별시 은평구 수색동,대림한숲(DMC이편한세상),59.895,202211,30,"50,000",1,2003
서울특별시 은평구 신사동,신아,57.06,202211,7,"34,900",7,2008
서울특별시 은평구 응암동,녹번역e편한세상캐슬,59.96,202211,30,"82,750",6,2021
서울특별시 은평구 응암동,다원(107-4),57.23,202211,7,"43,000",9,2011
서울특별시 은평구 응암동,백련산해모로,59.92,202211,15,"75,000",4,2020
서울특별시 은평구 응암동,프라임팰리스,71.16,202211,29,"50,000",14,2003
서울특별시 은평구 응암동,힐스테이트녹번역,59.99,202211,16,"81,000",7,2022
서울특별시 은평구 증산동,디오반,14.46,202211,25,"11,000",5,2011
서울특별시 은평구 진관동,은평뉴타운구파발(삼성래미안9단지),134.83,202211,19,"110,000",4,2010
서울특별시 은평구 진관동,은평뉴타운기자촌11단지,84.94,202211,17,"72,000",7,2015
서울특별시 은평구 진관동,은평뉴타운박석고개(힐스테이트12단지),59.85,202211,21,"70,000",11,2009
서울특별시 은평구 진관동,은평뉴타운상림마을(푸르지오C-6),84.79,202211,20,"65,500",3,2008
서울특별시 은평구 진관동,은평뉴타운상림마을(푸르지오C-8),101.93,202211,10,"77,000",5,2008
서울특별시 은평구 진관동,은평뉴타운솔하임,45.044,202211,21,"58,000",18,2017
서울특별시 은평구 진관동,은평스카이뷰자이,84.7488,202211,6,"95,000",32,2019
서울특별시 종로구 동숭동,동성아파트(1동),57.96,202211,11,"35,000",1,1999
서울특별시 종로구 명륜2가,아남2,84.9,202211,14,"90,000",4,1996
서울특별시 종로구 숭인동,종로아인스빌,12.15,202211,28,"12,000",14,2013
서울특별시 종로구 숭인동,종로중흥S클래스,17.811,202211,5,"12,900",13,2013
서울특별시 종로구 연건동,이화에수풀,16.98,202211,15,"18,600",7,2014
서울특별시 종로구 익선동,운현신화타워,84.26,202211,2,"65,000",11,1998
서울특별시 종로구 창신동,창신쌍용2,54.7,202211,19,"59,500",9,1993
서울특별시 종로구 충신동,CS타워,21.94,202211,26,"15,300",10,2011
서울특별시 중구 남창동,경서,55.8,202211,28,"33,000",3,1970
서울특별시 중구 신당동,신당아르브,18.08,202211,14,"15,700",6,2014
서울특별시 중구 신당동,약수하이츠,57.63,202211,12,"86,000",15,1999
서울특별시 중구 신당동,약수하이츠,57.63,202211,24,"85,000",12,1999
서울특별시 중구 정동,삼정아트테라스정동,22.0989,202211,16,"39,000",2,2020
서울특별시 중구 황학동,한양I-Class,16.37,202211,2,"13,300",17,2013
서울특별시 중랑구 망우동,금호어울림(580-1),84.94,202211,15,"60,000",2,2006
서울특별시 중랑구 면목동,두원,59.31,202211,5,"55,000",7,1998
서울특별시 중랑구 면목동,세모하이츠(B),47.18,202211,17,"24,500",7,2003
서울특별시 중랑구 면목동,풍림,59.4,202211,29,"47,000",5,1997
서울특별시 중랑구 묵동,묵동포레시타,14.95,202211,29,"11,800",3,2013
서울특별시 중랑구 묵동,태창네스트빌,84.3875,202211,21,"51,000",1,2005
서울특별시 중랑구 상봉동,건영2차아파트,74.25,202211,23,"59,500",15,1996
서울특별시 중랑구 상봉동,건영캐스빌,84.6475,202211,29,"74,000",5,2006
서울특별시 중랑구 상봉동,동부아파트,54,202211,23,"41,600",10,1999
서울특별시 중랑구 상봉동,상봉힐스테이,17.25,202211,29,"30,500",5,2021
서울특별시 중랑구 상봉동,주함해븐타워,14.94,202211,4,"13,600",13,2015
서울특별시 중랑구 상봉동,주함해븐타워,15.17,202211,28,"13,900",7,2015
서울특별시 중랑구 상봉동,프레미어스엠코,84.83,202211,21,"107,000",26,2013
서울특별시 중랑구 신내동,동성1,65.56,202211,10,"55,000",8,1993
서울특별시 중랑구 신내동,동성아파트,59.4,202211,21,"47,500",3,1997
서울특별시 중랑구 신내동,신내11대명,39.76,202211,16,"37,500",3,1996
